Page Name,User Name,Facebook Id,Likes at Posting,Created,Type,Likes,Comments,Shares,Love,Wow,Haha,Sad,Angry,Care,Video Share Status,Post Views,Total Views,Total Views For All Crossposts,Video Length,URL,Message,Link,Final Link,Image Text,Link Text,Description,Sponsor Id,Sponsor Name,Overperforming Score
Ministry of Health- Uganda,minofhealthUG,767949523254855,194427,2020-10-29 16:45:46 EAT,Photo,1600,177,105,4,8,12,31,2,1,,0,0,0,N/A,https://www.facebook.com/minofhealthUG/posts/3622449221138190,"Results of COVID-19 tests done on 28 October 2020 confirm 434 new cases. The cumulative confirmed cases are now 12,201. 🔺2 new COVID-19 deaths from Yumbe District. The total confirmed deaths are now 108. The breakdown of the new cases are: 430 contacts and alerts: Kampala (94), Kiryandongo (50), Gulu (38), Nebbi (35), Arua (30), Obongi (30), Wakiso (19), Moyo (23), Mbarara (14), Terego (13), Adjumani (12), Yumbe (17), Iganga (6), Masaka (5), Pader (5), Mukono (4), Rubanda (4) Jinja (3), Kyotera (3), Bugiri (2), Bukomansimbi (2), Hoima (2), Kabale (2), Kabarole (2), Kasese (2), Koboko (2), Luwero (2), Maracha (2), Amuru (1), Buikwe (1), Bunyangabu (1), Buvuma (1), Kiboga (1), Ntungamo (1), Rubirizi (1) 2 returnees: from South Sudan 2 truck drivers: Lia (1), Elegu (1)",https://www.facebook.com/minofhealthUG/photos/a.920207488029057/3622445694471876/?type=3,,"JBL MINISTRY OF HEALTH COVID-19 DAILY UPDATES NEW CASES RESULTS OF 28h.OCT.2020 CUMULATIVE TIVE CONFIRMED CASES OF UGANDANS TO-DATE 12,201 434 CUMULA TIVE DEATHS TO-DATE 108 (2 New Death) CUMULATIVE RECOVERIES TO-DATE 7,461 (0 New) TOTAL COVID-19 SAMPLES TESTED TO-DATE 544,6 (3,235 New) Woar Mask 0800-100-066 0800-203-033 Wash your Hands Keep Distance E-mail: dghs@infocom.co.ug Website:www.health.go.ug #STAYSAFEUG",,,,,1.12
Ministry of Health- Uganda,minofhealthUG,767949523254855,194188,2020-10-28 15:03:43 EAT,Photo,5335,239,98,9,4,14,28,4,3,,0,0,0,N/A,https://www.facebook.com/minofhealthUG/posts/3619544764761969,"Results of COVID-19 tests done on 27 October 2020 confirm 146 new cases. The cumulative confirmed cases are now 11,767. 🔺 3 new COVID-19 deaths registered. The total COVID-19 deaths are 106. 🔸 Recoveries: 7,461 The breakdown of the new cases are: 146 contacts and alerts : Kampala (74), Kiryandongo (16), Gulu (11), Sironko (11), Mbale (7), Tororo (5), Wakiso (5), Busia (7), Soroti (3), Isingiro (2), Kabale (1), Kasese (1), Luwero (1) and Mukono (2)",https://www.facebook.com/minofhealthUG/photos/a.802441493138991/3619543354762110/?type=3,,"THE UGANDA MINISTRY OF HEALTH COVID-19 DAILY UPDATES NEW CASES RESULTS OF 27h.OCT.2020 CUMULATIVE TIVE CONFIRMED CASES OF UGANDANS TO-DATE 11,767 146 CUMULATIVE DEATHS TO-DATE 106 (3 New Death) CUMULATIVE RECOVERIES TO-DATE 7,461 (61 New) TOTAL COVID-19 SAMPLES TESTED TO-DATE 541,422 (1,740 New) Wear Mask 0800-100-066 0800-203-033 WashyuHands KeepyourDistance E-mail: dghs@infocom.co.ug Website:www.health.go.ug #STAYSAFEUG",,,,,2.19
Ministry of Health- Uganda,minofhealthUG,767949523254855,194188,2020-10-28 14:11:43 EAT,Native Video,222,3,14,2,0,1,0,0,1,original,3707,3795,0,00:00:56,https://www.facebook.com/minofhealthUG/posts/3619439228105856,"The Ministry of Health and partners will recognise and motivate outstanding health workers, entities, services and products in the upcoming Heroes in Health Awards. The objective of these awards is that by shining light on the outstanding contributions of; individual, community, nonprofit, public and private players in the health sector, they will be rallied to innovate, serve the public better and to embrace global trends in the delivery of efficient healthcare to Uganda’s citizens. The public choice awards officiated by H E Yoweri Kaguta Museveni will take place on Friday 6 November, 2020 at Kampala Serena Hotel.",https://www.facebook.com/minofhealthUG/videos/370930304031279/,https://www.facebook.com/login/?next=https%3A%2F%2Fwww.facebook.com%2FminofhealthUG%2Fvideos%2F370930304031279%2F,,Heroes In Health Awards 2020 in Uganda,,,,-3.2
Ministry of Health- Uganda,minofhealthUG,767949523254855,194063,2020-10-27 13:39:35 EAT,Photo,4661,205,85,5,3,13,21,4,1,,0,0,0,N/A,https://www.facebook.com/minofhealthUG/posts/3616729808376798,"Results of COVID-19 tests done on 26 October 2020 confirm 64 new cases. The cumulative cases are now 11,621. 🔸 2 new COVID-19 deaths registered in Kampala. The cumulative COVID-19 deaths are now 103. 🔺 Recoveries: 7,400 The breakdown of the new cases are: 64 contacts and alerts : Kampala (45), Soroti (5), Tororo (5), Kiryandongo (3), Kyotera (2), Wakiso (2), Pallisa (1), Rubanda (1)",https://www.facebook.com/minofhealthUG/photos/a.802441493138991/3616728328376946/?type=3,,"UB OF MINISTRY OF HEALTH COVID-19 DAILY UPDATES NEW CASES RESULTS OF 26th.OCT.2020 CUMULATIVE TIVE CONFIRMED CASES OF UGANDANS TO-DATE 11,621 11 64 CUMULATIVE DEATHS TO-DATE 103 (2 New Death) CUMULATIVE RECOVERIES TO-DATE 7,400 (49 New) TOTAL COVID-1 SAMPLES TESTED TO-DATE 540,202 (1,056 New) Woar Mask 0800-100-066 0800-203-033 Wash Hands eepyouDisance E-mail: dghs@infocom.co.ug Website:www.health.go.ug #STAYSAFEUG",,,,,1.87
Ministry of Health- Uganda,minofhealthUG,767949523254855,193973,2020-10-26 11:42:58 EAT,Photo,1677,559,53,5,3,9,17,2,1,,0,0,0,N/A,https://www.facebook.com/minofhealthUG/posts/3613902145326231,"Results of COVID-19 tests done on 25 October 2020 confirm 114 new cases. The cumulative confirmed cases are now 11,557. The breakdown of the new cases are: 111 contacts and alerts: Kampala (60), Mayuge (12), Wakiso (6), Busia (5), Mbarara (4), Rubanda (4), Soroti (3), Buvuma (3), Katakwi (2), Masindi (2), Bunyangabu (2), Bushenyi (1), Kabarole (1), Kasese (1), Luwero (1), Mbale (1), Mityana (1), Ntungamo (1), Tororo (1) 3 truck drivers from Malaba Point of Entry",https://www.facebook.com/minofhealthUG/photos/a.802441493138991/3613901671992945/?type=3,https://www.facebook.com/login/?next=https%3A%2F%2Fwww.facebook.com%2FminofhealthUG%2Fphotos%2Fa.802441493138991%2F3613901671992945%2F%3Ftype%3D3,"THE UGANDA MINISTRY OF HEALTH COVID-19 DAILY UPDATES NEW CASES RESULTS OF 25th.OCT.2020 CUMULATIVE CONFIRMED CASES OF UGANDANS TO-DATE 11,557 114 CUMULATIVEDATHS TO-DATE 101 (0 New Death) CUMULATIVE RECOVERIES TO-DATE 7,351 (0 New) TOTAL COVID-19 SAMPLES TESTED TO-DATE 539,146 (2,969 New) Wear Mask 0800-100-066 0800-203-033 Washuads E-mail: dghs@infocom.co.ug Website:www.health.go.ug #STAYSAFEUG",,,,,-1.15
Ministry of Health- Uganda,minofhealthUG,767949523254855,193876,2020-10-25 14:09:36 EAT,Photo,1204,76,8,1,0,1,0,1,0,,0,0,0,N/A,https://www.facebook.com/minofhealthUG/posts/3611575358892243,Don’t forget to participate in the COVID-19 response survey. Share your thoughts and views with us. Click http://bit.ly/moh-covid19-survey1:=:https://docs.google.com/forms/d/e/1FAIpQLSfj1SCLPims9pOpdktGTYFlYRZmY13rW2R9KRN789cSb0YhBw/viewform to participate #STAYSAFEUG,https://www.facebook.com/minofhealthUG/photos/a.920207488029057/3611574078892371/?type=3,https://www.facebook.com/login/?next=https%3A%2F%2Fwww.facebook.com%2FminofhealthUG%2Fphotos%2Fa.920207488029057%2F3611574078892371%2F%3Ftype%3D3,THEREPUBLIC G UGANDA MINISTRY OF HEALTH COVID-19 RESPONSE SURVEY The Ministry of Health would like to know your views about the COVID-19 pandemic and it's response by participating in a a survey.,,,,,-2.15
Ministry of Health- Uganda,minofhealthUG,767949523254855,193876,2020-10-25 11:12:12 EAT,Photo,3132,503,100,3,1,20,25,2,0,,0,0,0,N/A,https://www.facebook.com/minofhealthUG/posts/3611253965591049,"Results of COVID-19 tests done on 24 October, 2020 confirm 146 new cases. The cumulative confirmed cases are 11,443. 🔺2 new COVID-19 deaths reported in Kiryandongo District. The total COVID-19 deaths are now 101. 🔸Recoveries: 7,351 The breakdown of the new cases are: 146 contacts and alerts: Kampala (63), Jinja (16), Kiryandongo (11), Wakiso (10), Mukono (7), Kibuku (5), Masaka (5), Mityana (8), Bulambuli (3), Gulu (3), Luwero (2), Mubende (2), Tororo (2), Bundibugyo (1), Bunyangabu (1), Iganga (1), Kabarole (1), Kaliro (1), Kamuli (1), Kyenjojo (1), Manafwa (1), Mbale (1)",https://www.facebook.com/minofhealthUG/photos/a.920207488029057/3611252792257833/?type=3,,"JBL MINISTRY OF HEALTH COVID DAILY UPDATES NEW CASES RESULTS OF 24th.OCT.2020 CUMULA TIVE CONFIRMED CASES OF UGANDANS TO-DATE 11,443 11 146 CUMULATIVE DEATHS TO-DATE 101 (2 New Death) CUMULATIVE RECOVERIES TO-DATE 7,351 (70 New) TOTAL COVID-19 SAMPLES TESTED TO-DATE 536,177 (2,105 New) Woar Mask 0800-100-066 0800-203-033 Wash your Hands Keop yourDistance your E-mail: dghs@infocom.co.ug Website:www.health.go.ug #STAYSAFEUG",,,,,1.36
Ministry of Health- Uganda,minofhealthUG,767949523254855,193690,2020-10-24 11:13:50 EAT,Photo,753,447,59,7,1,40,0,2,0,,0,0,0,N/A,https://www.facebook.com/minofhealthUG/posts/3608564002526712,"Ministry of Health has reduced the cost of testing for COVID-19 from USD 65$ (UGX 240,500) to USD 50$ (UGX 185,000) This is against the background that the cost of transporting lab test kits and other supplies has since reduced due to the resumption of international flights.",https://www.facebook.com/minofhealthUG/photos/a.920207488029057/3608563505860095/?type=3,https://www.facebook.com/login/?next=https%3A%2F%2Fwww.facebook.com%2FminofhealthUG%2Fphotos%2Fa.920207488029057%2F3608563505860095%2F%3Ftype%3D3,,Photos from Ministry of Health- Uganda's post,,,,-2.16
Ministry of Health- Uganda,minofhealthUG,767949523254855,193690,2020-10-24 11:13:15 EAT,Photo,2201,158,54,2,2,9,13,2,3,,0,0,0,N/A,https://www.facebook.com/minofhealthUG/posts/3608563215860124,"Results of COVID-19 tests done on 23 October 2020 confirm 134 new cases. The cumulative cases are now 11,297. The breakdown of the new cases are: 134 contacts and alerts: Kampala (86), Gulu (23), Luwero (14), Busia (5), Jinja (4), Isingiro (1), Kyotera (1) #STAYSAFEUG",https://www.facebook.com/minofhealthUG/photos/a.920207488029057/3608562205860225/?type=3,,"MINISTRY OF HEALTH COVID DAILY UPDATES NEW CASES RESULTS OF 23d.OCT.2020 CUMULATIVE TIVE CONFIRMED CASES OF UGANDANS TO-DATE 11,297 134 CUMULATIVE ATIVE DEATHS TO-DATE 99 (0 New Death) CUMULATIVE RECOVERIES TO-DATE 7,281 (12 New) TOTAL COVID-19 SAMPLES TESTED TO-DATE 534,072 (1,740 New) Woar Mask 0800-100-066 0800-203-033 -203-033 Wash your Hands Keop Distance E-mail: dghs@infocom.co.ug Website:www.health.go.ug #STAYSAFEUG",,,,,-1.16
Ministry of Health- Uganda,minofhealthUG,767949523254855,193551,2020-10-23 16:37:30 EAT,Photo,4205,152,105,4,3,11,32,2,1,,0,0,0,N/A,https://www.facebook.com/minofhealthUG/posts/3606476376068808,"Results of COVID-19 tests done on 22 October 2020 confirm 122 new cases. The cumulative confirmed cases are 11,163. 🔺One new COVID-19 death recorded from Kampala. The total COVID-19 deaths are now 99. 🔸Recoveries: 7,269. The breakdown of the new cases are: 122 contacts and alerts: Kampala (55), Wakiso (11), Mukono (10), Mbarara (7), Gulu (5), Tororo (5), Kibuku (3), Luwero (4), Manafwa (3), Mbale (3), Kyotera (2), Rubanda (2), Buikwe (1), Bunyangabu (1), Bushenyi (1), Kabale (1), Kayunga (1), Kumi (1), Lamwo (1), Lira (2), Mubende (2) and Ntungamo (1)",https://www.facebook.com/minofhealthUG/photos/a.802441493138991/3606469909402788/?type=3,,"THE UGANDA MINISTRY OF HEALTH COVID-19 DAILY UPDATES NEW CASES RESULTS OF 22d.oCT.2020 CUMULATIVE CONFIRMED CASES OF UGANDANS TO-DATE 11,163 122 CUMULATIVE DEATHS TO-DATE 99 New Death) CUMULATIVE RECOVERIES TO-DATE 7,269 (59 New) TOTAL COVID-19 SAMPLES TESTED TO-DATE 532,332 (3,095 New) Wear Mask 0800-100-066 0800-203-033 Washuad KeepyourDistance Distance E-mail: dghs@infocom.co.ug Website:www.health.go.ug #STAYSAFEUG",,,,,1.58
Ministry of Health- Uganda,minofhealthUG,767949523254855,193551,2020-10-23 10:56:52 EAT,Photo,207,3,6,1,0,0,1,0,0,,0,0,0,N/A,https://www.facebook.com/minofhealthUG/posts/3605801949469584,Staying healthy requires making informed decisions and adopting good behavior practices #STAYSAFEUG,https://www.facebook.com/minofhealthUG/photos/a.802441493138991/3605800512803061/?type=3,,"THE REPUBLR O UGANDA MINISTRY OF HEALTH Staying healthy requires making the right & informed choices, sacrifices & actions in regard to our behaviors & practices LIMIT ALCOHOL CONSUMPTION Richard Kabanda Ag. Commissioner Health Services Health Promotion, Education € Communication MILK MAINTAIN A HEALTHY WEIGHT CHOOSE HEALTHYIET A HEALTHY REDUCE SALT CONSUMPTION STOP SMOKING EXERCISE DAILY",,,,,-13.1
Ministry of Health- Uganda,minofhealthUG,767949523254855,193304,2020-10-22 16:28:06 EAT,Photo,3193,374,79,4,4,19,18,2,1,,0,0,0,N/A,https://www.facebook.com/minofhealthUG/posts/3603726836343762,"Results of COVID-19 tests done on 21st October 2020 confirm 108 new cases. The cumulative confirmed cases are now 11,041. The breakdown of the new cases are: 107 contacts and alerts: Kampala (40), Obongi (12), Wakiso (7), Amuru (6), Arua (6), Butaleja (6), Sironko (5), Adjumani (4), Lira (4), Bugiri (3), Buikwe (2), Kibuku (2), Mbale (2), Gulu (1), Iganga (1), Kisoro (1), Koboko (1), Moyo (1), Pader (1), Yumbe (1), Mayuge (1) 1 truck driver from Elegu",https://www.facebook.com/minofhealthUG/photos/a.802441493138991/3603725836343862/?type=3,https://www.facebook.com/login/?next=https%3A%2F%2Fwww.facebook.com%2FminofhealthUG%2Fphotos%2Fa.802441493138991%2F3603725836343862%2F%3Ftype%3D3,"THE UGANDA MINISTRY OF HEALTH COVID-19 DAILY UPDATES NEW CASES RESULTS OF 21S.OCT.2020 CUMULATIVE CONFIRMED CASES OF UGANDANS TO-DATE 108 11,041 CUMULATIVEDEATHS DEATHS TO-DATE 98 (0 New Death) CUMULATIVE RECOVERIES TO-DATE 7,210 (56 New) TOTAL COVID-19 SAMPLES TESTED TO-DATE 529,236 (1,886 New) Wear Mask 0800-100-066 0800-203-033 Washad KeepyourDistance E-mail: dghs@infocom.co.ug Website:www.health.go.ug #STAYSAFEUG",,,,,1.29
Ministry of Health- Uganda,minofhealthUG,767949523254855,193232,2020-10-21 15:57:28 EAT,Photo,2264,135,81,4,1,16,22,3,1,,0,0,0,N/A,https://www.facebook.com/minofhealthUG/posts/3601017066614739,"Results of COVID-19 tests done on 20 October 2020 confirm 145 new cases. The cumulative confirmed cases are now 10,933. 🔺 One COVID-19 death recorded from Jinja. The total COVID-19 deaths are now 98. 🔸 Recoveries: 7,154 The breakdown of the new cases are: 143 contacts and alerts: Kampala (56), Obongi (24), Moyo (14), Lira (13), Buikwe (10), Iganga (5), Jinja (5), Dokolo (3), Bushenyi (2), Mbale (2), Mukono (2), Arua (1), Buvuma (1), Kisoro (1), Luwero (1), Maracha (1), Ntungamo (1), Soroti (1) 2 truck drivers from Malaba Point of Entry. #StaySafeUG",https://www.facebook.com/minofhealthUG/photos/a.802441493138991/3601015063281606/?type=3,,"THE OF UGANDA MINISTRY OF HEALTH COVID-19 DAILY UPDATES NEWCASES NEW CASES RESULTS OF 20th.OCT.2020 CUMULATIVE CONFIRMED CASES OF UGANDANS TO-DATE 10,933 145 CUMULATIVEDEATHS TO-DATE 98 (1 New Death) CUMULATIVE RECOVERIES TO-DATE 7,154 (88 New) TOTAL COVID-19 SAMPLES TESTED TO-DATE 527,350 (2,384 New) Wear Mask 0800-100-066 0800-203-033 WashuHands Keep Distance E-mail: ghs@infocom.co.ug Website:www.health.go.ug #STAYSAFEUG",,,,,-1.13
Ministry of Health- Uganda,minofhealthUG,767949523254855,193232,2020-10-21 14:17:57 EAT,Photo,2682,28,16,1,0,3,2,1,1,,0,0,0,N/A,https://www.facebook.com/minofhealthUG/posts/3600827189967060,"Have you participated in the COVID-19 response survey yet? If you have not, please click: http://bit.ly/moh-covid19-survey1:=:https://docs.google.com/forms/d/e/1FAIpQLSfj1SCLPims9pOpdktGTYFlYRZmY13rW2R9KRN789cSb0YhBw/viewform to share your thoughts, views and opinion about the COVID-19 response. Your feedback will greatly improve the COVID-19 response. #STAYSAFEUG",https://www.facebook.com/minofhealthUG/photos/a.920207488029057/3600824526633993/?type=3,,THEREPUBLIC G UGANDA MINISTRY OF HEALTH COVID-19 RESPONSE SURVEY The Ministry of Health would like to know your views about the COVID-19 pandemic and it's response by participating in a a survey.,,,,,-1.05
Ministry of Health- Uganda,minofhealthUG,767949523254855,193130,2020-10-20 14:48:52 EAT,Photo,261,304,32,0,1,0,1,0,3,,0,0,0,N/A,https://www.facebook.com/minofhealthUG/posts/3598338996882546,8 out of 10 of the COVID-19 deaths in #Uganda presented with high blood pressure as an underlying condition. The public is advised to go for regular medical check ups to know your health status and strongly adhere to COVID-19 SOPs.,https://www.facebook.com/minofhealthUG/photos/a.920207488029057/3598338266882619/?type=3,,8 out of 10 of the COVID-19 deaths registered in Uganda had high blood pressure as an HE REPUBLIC UGANDA underlying condition. The public is advised to: MINISTRY OF HEALTH Go for regular medical checkups to know your health status Avoid unnecessary movements to crowded places especially individuals who have known underlying conditions Always wear a face mask when yου 9o out of your home Always wash your hands with soap and running water or use an alcohol based hand sanitizer Maintain a physical distance of at least 2 meters when interacting with other people,,,,,-4.86
Ministry of Health- Uganda,minofhealthUG,767949523254855,193130,2020-10-20 14:46:59 EAT,Photo,1449,99,55,3,1,5,9,1,3,,0,0,0,N/A,https://www.facebook.com/minofhealthUG/posts/3598334910216288,"Results of COVID-19 tests done on 19 October 2020 confirm 97 new cases. The cumulative COVID-19 cases are now 10,788. The breakdown of the 97 new cases are: 96 contacts and alerts: Kiryandongo (32), Kampala (25), Soroti (19), Wakiso (8), Mbale (6), Tororo (2), Lira (1), Pallisa (1), Jinja (1) and Buikwe (1) 1 truck driver from Busia #StaySafeUg",https://www.facebook.com/minofhealthUG/photos/a.920207488029057/3598333840216395/?type=3,,"UB MINISTRY OF HEALTH COVID-19 DAILY UPDATES NEW CASES RESULTS OF 19th.OCT.2020 97 CUMULATIVE CONFIRMED CASES OF UGANDANS TO-DATE 10,788 CUMULATIVE DEATHS TO-DATE 97 (0 New Death) CUMULATIVE RECOVERIES TO-DATE 7,066 (74 New) TOTAL COVID-19 SAMPLES TESTED TO-DATE 524,966 (1,567 New) Wear Mask 0800-100-066 0800-203-033 Wash your Hands Keep your Distance E-mail: dghs@infocom.co.ug Website:www.health.go.ug #STAYSAFEUG",,,,,-1.8
Ministry of Health- Uganda,minofhealthUG,767949523254855,192998,2020-10-19 13:47:09 EAT,Photo,2509,513,55,4,1,5,12,1,3,,0,0,0,N/A,https://www.facebook.com/minofhealthUG/posts/3595597080490071,"Results of COVID-19 tests done on 18 October 2020 confirm 101 new cases. The cumulative confirmed cases are now 10,691. The breakdown of the new cases are: 100 contacts and alerts: Kampala (43), Lira (38), Rubanda (6), Kiryandongo (3), Kisoro (3), Iganga (2), Jinja (2), Namayingo (2), Mukono (1) 1 truck driver from Mirama Hills",https://www.facebook.com/minofhealthUG/photos/a.920207488029057/3595596313823481/?type=3,,"UB MINISTRY OF HEALTH COVID-19 DAILY UPDATES NEW CASES RESULTS OF 18th.OCT.2020 CUMULATIVE CONFIRMED CASES OF UGANDANS TO-DATE 10,691 101 CUMULATIV DEATHS TO-DATE 97 (0 New Death) CUMULATIVE RECOVERIES TO-DATE 6,992 (0 New) TOTAL COVID-19 SAMPLES TESTED TO-DATE 523,399 (1,113 New) Wear Mask 0800-100-066 0800-203-033 Wash your Hands Keop your Distance E-mail: dghs@infocom.co.ug Website:www.health.go.ug #STAYSAFEUG",,,,,1.05
Ministry of Health- Uganda,minofhealthUG,767949523254855,192846,2020-10-18 13:20:45 EAT,Photo,3427,470,65,4,2,19,14,3,1,,0,0,0,N/A,https://www.facebook.com/minofhealthUG/posts/3593083500741429,"Results of COVID-19 tests done on 17 October 2020 confirm 135 new cases. The cumulative confirmed cases are 10,590. 🔺One new COVID-19 death from Kapchorwa. The total COVID-19 deaths are now 97. 🔸Recoveries: 6,992 The breakdown of the new cases are: 130 contacts and alerts: Kampala (47), Mbarara (15), Adjumani (8), Moyo (7), Pader (6), Gulu (5), Bugiri (3), Busia (3), Mbale (3), Sironko (3), Terego (3), Butaleja (2), Koboko (2), Luwero (2), Mukono (3), Tororo (2), Yumbe (2), Arua (1) Bududua (1), Buikwe (1), Bulambuli (1), Jinja (1), Kapchorwa (1), Kibuku (1), Kyotera (1), Lira (1), Sheema (1), Masaka (3) Iganga (1) 5 truck drivers from Malaba",https://www.facebook.com/minofhealthUG/photos/a.920207488029057/3593083384074774/?type=3,,"JBL MINISTRY OF HEALTH COVID-19 DAILY UPDATES NEW CASES RESULTS OF 17th.OCT.2020 CUMULATIVE TIVE CONFIRMED CASES OF UGANDANS TO-DATE 135 10,590 CUMULATIVE DEATHS TO-DATE 97 (1 New Death) CUMULATIVE RECOVERIES TO-DATE 6,992 (91 New) TOTAL COVID-19 SAMPLES TESTED TO-DATE 522,286 (1,836 New) Woar Mack 0800-100-066 0800-203-033 Wash your Hands Keop your Distance E-mail: dghs@infocom.co.ug Website:www.health.go.ug #STAYSAFEUG",,,,,1.35
Ministry of Health- Uganda,minofhealthUG,767949523254855,192704,2020-10-17 13:57:51 EAT,Photo,3706,198,64,10,1,17,15,1,1,,0,0,0,N/A,https://www.facebook.com/minofhealthUG/posts/3590645300985249,"Results of COVID-19 tests done on 16 October 2020 confirm 121 new cases. The cumulative confirmed cases are 10,455. The breakdown of the new cases are: 121 contacts and alerts: Kampala (58), Luwero (23), Arua (7), Isingiro (6), Sembabule (5), Masindi (4), Amuru (3), Mbale (3), Wakiso (3), Bugweri (2), Buvuma (2), Jinja (2), Lira (2), Terego (1) #STAYSAFEUG",https://www.facebook.com/minofhealthUG/photos/a.920207488029057/3590644740985305/?type=3,,"JB CC MINISTRY OF HEALTH COVID-19 DAILY UPDATES NEW CASES RESULTS OF 16th.OCT.2020 CUMULATIVE TIVE CONFIRMED CASES OF UGANDANS TO-DATE 10,455 121 CUMULATI DEATHS TO-DATE 96 (0 New Death) CUMULATIVE RECOVERIES TO-DATE 6,901 (0 New) TOTAL COVID-19 SAMPLES TESTED TO-DATE 520,450 (1,892 New) Woar Mack 0800-100-066 0800-203-033 Wash your Hands KeepyourDistance your Distance E-mail: dghs@infocom.co.ug Website:www.health.go.ug #STAYSAFEUG",,,,,1.36
Ministry of Health- Uganda,minofhealthUG,767949523254855,192412,2020-10-16 18:32:31 EAT,Photo,267,20,4,2,0,0,0,0,0,,0,0,0,N/A,https://www.facebook.com/minofhealthUG/posts/3588394671210312,"Together w/@UNICEFUganda, Ministry of Health has launched a pilot phase to integrate nutrition supplies into the national Essential Medicines & Health Supplies system to improve the availability of nutrition supplies and reduce stock outs at health facilities in West Nile Region in 7 districts. The districts are: Adjumani, Arua, Koboko, Moyo, Madi Okollo, Obongi and Yumbe. The launch was officiated by the Permanent Secretary, Dr Diana Atwine at the National Medical Offices in Entebbe. Malnutrition in children and pregnant mothers continues to be a major concern for policy makers in Uganda due to its adverse consequences for child survival and long-term well-being, regardless the progress made to-date. Integration of nutrition supplies into the national Essential Medicines and Health Supplies (EMHS) system will enhance timely delivery of quality nutrition services and supplies to all the children and adults affected by malnutrition as well as reduce stock outs of these much-needed supplies at health facilities.",https://www.facebook.com/minofhealthUG/photos/a.920207488029057/3588394531210326/?type=3,,,Photos from Ministry of Health- Uganda's post,,,,-10.09
Ministry of Health- Uganda,minofhealthUG,767949523254855,192412,2020-10-16 13:32:13 EAT,Photo,9295,448,60,10,5,20,1,2,3,,0,0,0,N/A,https://www.facebook.com/minofhealthUG/posts/3587786821271097,"The Ministry of Health is conducting a survey to assess the COVID-19 response. We would like to know your views on risk perception, adherence to preventive measures and response thus far. ⏩ Please click http://bit.ly/moh-covid19-survey1:=:https://docs.google.com/forms/d/e/1FAIpQLSfj1SCLPims9pOpdktGTYFlYRZmY13rW2R9KRN789cSb0YhBw/viewform to participate in the survey. Thank you.",https://www.facebook.com/minofhealthUG/photos/a.920207488029057/3587786261271153/?type=3,,THEREPUBLIC G UGANDA MINISTRY OF HEALTH COVID-19 RESPONSE SURVEY The Ministry of Health would like to know your views about the COVID-19 pandemic and it's response by participating in a a survey.,,,,,3.33
Ministry of Health- Uganda,minofhealthUG,767949523254855,192412,2020-10-16 13:10:03 EAT,Photo,4261,157,106,3,3,25,18,1,4,,0,0,0,N/A,https://www.facebook.com/minofhealthUG/posts/3587747614608351,"Results of COVID-19 tests done on 15 October 2020 confirm 217 new cases. The cumulative confirmed cases to-date is 10,334. 🔸Recoveries: 6,901 The breakdown of the new cases are: Contacts and Alerts (215): Kampala (100), Luwero (20), Mbarara (13), Mbale (9), Lira (8), Iganga (7), Sironko (7), Kween (6), Adjumani (6), Gulu (5), Rubanda (5), Wakiso (5), Hoima (4), Jinja (5), Moyo (2), Pallisa (2), Soroti (2), Arua (1), Buikwe (2), Kagadi (1), Kyotera (1), Madi Okollo (1), Maracha (1), Sembabule (1), Tororo (1) 1 returnee from Kenya 1 truck driver from Malaba",https://www.facebook.com/minofhealthUG/photos/a.802441493138991/3587746437941802/?type=3,,"THE COF MINISTRY OF HEALTH COVID-19 DAILY UPDATES NEW CASES RESULTS OF 15th.OCT.2020 CUMULATIVE TIVE CONFIRMED CASES OF UGANDANS TO-DATE 217 10,334 CUMULATIVE DEATHS TO-DATE 96 (0 New Death) CUMULATIVE RECOVERIES TO-DATE 6,901 (176 New) TOTAL COVID-19 SAMPLES TESTED TO-DATE 518,558 (3,635 New) Wear Mask 0800-100-066 0800-203-033 Wash Hands KeepyourDistance Distance E-mail: dghs@infocom.co.ug Website:www.heatth.go.ug #STAYSAFEUG",,,,,1.55
Ministry of Health- Uganda,minofhealthUG,767949523254855,192337,2020-10-15 12:31:36 EAT,Photo,2132,227,62,2,4,7,13,2,1,,0,0,0,N/A,https://www.facebook.com/minofhealthUG/posts/3585071254875987,"Results of COVID-19 tests done on 14 October 2020 confirm 48 new cases. The cumulative cases are now 10,117. 🔺One new COVID-19 death was reported from Kole District. The total COVID-19 deaths are now 96. 🔸Recoveries: 6,725 The breakdown of the new cases are: Contacts and Alerts (48): Kampala (18), Mukono (7), Manafwa (4), Rubanda (4), Wakiso (4), Jinja (2), Tororo (3), Abim (1), Busia (1), Kapchorwa (1), Kiryandongo (1), Kole (1) and Mbarara (1)",https://www.facebook.com/minofhealthUG/photos/a.802441493138991/3585069914876121/?type=3,,"THE UGANDA MINISTRY OF HEALTH DAILY UPDATES COVID-19 NEW CASES RESULTS OF 14h.OCT.2020 CUMULATIVE CONFIRMED CASES OF UGANDANS TO-DATE 10,117 48 CUMULATI DEATHS TO-DATE 96 (1 New Death) CUMULATIVE RECOVERIES TO-DATE 6,725 (194 New) TOTAL COVID-19 SAMPLES TESTED TO-DATE 514,923 (1,509 New) Wear Mask 0800-100-066 0800-203-033 WashuHands Keep KeepyourDistance Distance E-mail: dghs@infocom.co.ug Website:www.health.go.ug #STAYSAFEUG",,,,,-1.24
Ministry of Health- Uganda,minofhealthUG,767949523254855,192337,2020-10-15 11:18:05 EAT,Photo,2095,24,33,7,0,1,1,0,3,,0,0,0,N/A,https://www.facebook.com/minofhealthUG/posts/3584954528220993,"Today is Global Hand washing Day. Washing your hands with soap and water protects you from COVID-19 and other preventable diseases such as: Cholera, Typhoid, Hepatitis A, among others. Hand washing is important especially after using the toilet, when preparing food, before eating, and after coughing, or sneezing. Always wash your hands with soap and water to prevent illnesses. 📷: UNICEF UGANDA",https://www.facebook.com/minofhealthUG/photos/a.802441493138991/3584954061554373/?type=3,,,,,,,-1.41
Ministry of Health- Uganda,minofhealthUG,767949523254855,192197,2020-10-14 17:01:55 EAT,Photo,409,337,3,3,1,0,0,0,1,,0,0,0,N/A,https://www.facebook.com/minofhealthUG/posts/3583024725080640,"A team from the Ministry of Health led by the Permanent Secretary, Dr. Diana Atwine and Director General Health Services, Dr Henry G. Mwebesa is conducting an inspection visit of a 400 bed maternal and child health facility at Masaka Regional Referral Hospital. The facility near completion will be ready by end of November 2020 and will greatly improve maternal and child health in the region. Masaka Regional Referral Hospital is expected to be the 2nd largest facility in the country upon completion for the new construction this year. The Hospital will be uplifted to an almost 1,000 bed capacity Hospital. Similarly, the Digital Health Division is currently installing equipment to digitalize medical records at Masaka RRH. The Ministry is moving to digital and Paperless Medical Services which will be piloted in all Regional Referral Hospitals using Computer Intelligence. As part of the ongoing support supervision activities, the team also visited and assessed the call and dispatch center set up with support from KOFIH to enhance the Emergency Medical Response in the region. The team comprised of Commissioner Clinical Services, Dr Jackson Amone, Commissioner Emergency Medical Services, Dr JB Nabohye, Commissioner Maternal and Reproductive Health Services, Dr Jesca Nsungwa Sabiiti and Commissioner Environmental Health, Julian Kyomuhangi.",https://www.facebook.com/minofhealthUG/photos/a.920207488029057/3583019478414498/?type=3,,,Photos from Ministry of Health- Uganda's post,,,,-4.45
Ministry of Health- Uganda,minofhealthUG,767949523254855,192197,2020-10-14 12:31:06 EAT,Photo,899,372,50,0,4,11,11,1,1,,0,0,0,N/A,https://www.facebook.com/minofhealthUG/posts/3582495398466906,"Results of COVID-19 tests done on 13 October 2020 confirm 124 new cases. The cumulative confirmed cases are now 10,069. 🔸Recoveries: 6,531 The breakdown of the new cases are: Contacts and Alerts (122): Kampala (37), Luwero (24), Kikuube (13), Rubanda (12), Hoima (7), Wakiso (4), Amuru (4), Omoro (3), Gulu (2), Jinja (7), Kisoro (2), Lira (4), Kwania (1), Masindi (1) and Mukono (1) 2 returnees from Jordan",https://www.facebook.com/minofhealthUG/photos/a.802441493138991/3582493828467063/?type=3,,"THE OF UGANDA MINISTRY OF HEALTH COVID-19 DAILY UPDATES NEW CASES RESULTS OF 3th.oCT.2020 124 CUMULATIVE DEATHS TO-DATE 95 (0 New Death) CUMULATIVE CONFIRMED CASES OF UGANDANS TO-DATE 10,069 CUMULATIVE RECOVERIES TO-DATE 6,531 TOTAL COVID-19 SAMPLES TESTED TO-DATE 513,414 (2,258 New) Wear Mask 0800-100-066 0800-203-033 WashHands Keep KeepyourDistance Distance E-mail: dghs@infocom.co.ug Website:www.health.go.ug #STAYSAFEUG",,,,,-2.48
Ministry of Health- Uganda,minofhealthUG,767949523254855,192197,2020-10-14 08:11:49 EAT,Photo,501,21,7,3,0,0,4,0,0,,0,0,0,N/A,https://www.facebook.com/minofhealthUG/posts/3582062725176840,"The Ministry of Health teams led by the Permanent Secretary, Dr. Diana Atwine and Director General Health Services, Dr Henry G. Mwebesa visited the Kilembe Mines Hospital in Kasese District to assess the state of the hospital which was heavily damaged following the floods this year. “Looking at the ruins of Kilembe Hospital simply reminded me how only the mighty hand of God saved lives here” Dr Atwine said as she led the team. The team appreciated Bishop Francis Kibira of the Catholic diocese of Kasese and the church structure for offering structures to temporarily house the hospital and allow for services to continue. Government is working on permanently resettling the hospital in a safer place to ensure the hospital is not affected by such natural calamities hereafter.",https://www.facebook.com/minofhealthUG/photos/a.920207488029057/3582062225176890/?type=3,,,Photos from Ministry of Health- Uganda's post,,,,-6.25
Ministry of Health- Uganda,minofhealthUG,767949523254855,191968,2020-10-13 16:03:05 EAT,Photo,5834,195,83,7,2,23,24,3,2,,0,0,0,N/A,https://www.facebook.com/minofhealthUG/posts/3580111768705269,"Results of COVID-19 tests done on 12 October 2020 confirm 81 new cases. The cumulative confirmed cases are now 9,945. 🔸Recoveries: 6,347 🔺One COVID-19 death registered in Yumbe District. The total COVID-19 deaths are now 95. The breakdown of the new cases are: Contacts and Alerts (80): Kampala (27), Omoro (10), Kiryandongo (11), Butaleja (7), Kaabong (8), Gulu (3), Jinja (3), Katakwi (3), Yumbe (3), Budaka (1), Mbale (1), Pader (1), Tororo (1) and Wakiso (1) 1 returnee from Kenya",https://www.facebook.com/minofhealthUG/photos/a.920207488029057/3580110272038752/?type=3,,"BL OF MINISTRY OF HEALTH COVID-19 DAILY UPDATES NEW CASES RESULTS OF 12th.OCT.2020 81 CUMULATIVE DEATHS TO-DATE 95 (1 New Death) CUMULA ATIVE CONFIRMED CASES OF UGANDANS TO-DATE CUMULATIVE RECOVERIES TO-DATE 6,347 9,945 TOTAL COVID-19 SAMPLES TESTED TO-DATE 511,156 (2,257 New) Woar Mark 0800-100-066 0800-203-033 Wash your Hands KpyourDistance E-mail: dghs@infocom.co.ug Website:www.health.go.ug #STAYSAFEUG",,,,,1.84
Ministry of Health- Uganda,minofhealthUG,767949523254855,191968,2020-10-13 12:14:32 EAT,Photo,678,17,13,4,1,0,1,0,1,,0,0,0,N/A,https://www.facebook.com/minofhealthUG/posts/3579632888753157,"The Ministry of Health team led by the Permanent Secretary, Dr. Diana Atwine and Director General Health Services, Dr Henry G. Mwebesa have signed a Memorandum of Understanding with the Kingdom of Tooro to enhance disease prevention and health promotion in the region. This partnership comes against the background that religious and cultural institutions are paramount in steering communities to adopt healthy lifestyles and behaviour change in order to have a healthy and productive population. While addressing the delegation from Tooro, Dr Diana Atwine lauded King Oyo Nyimba Kabamba Iguru Rukidi IV for his initiative to set up a School of Public Health in the region aimed at training and empowering communities to take responsibility for their health. It will among others, ensure people to test and treat to know their health status. ""We can see Tooro not just as the hub for tourism, but the hub for good health"" Dr Atwine added. The Director General Health Services, Dr Henry G. Mwebesa appreciated the Kingdom for supporting a number of health projects and noted that signing the MOU will greatly improve service delivery in the region. His Majesty Oyo Nyimba Kabamba Iguru Rukidi IV welcomed the partnership with the health sector to increase promote health, increase disease prevention and pledged his support and commitment to the sector. Earlier, the team also held a meeting with the Queen Mother of the King of Tooro, Her Royal Highness, Best Kemigisa to strengthen partnership to address teenage pregnancies, maternal and child health in the region. The Ministry is engaging the various cultural institutions across the country to strengthen health service delivery and improve health outcomes.",https://www.facebook.com/minofhealthUG/photos/a.802441493138991/3579627492087030/?type=3,,,Photos from Ministry of Health- Uganda's post,,,,-4.69
Ministry of Health- Uganda,minofhealthUG,767949523254855,191777,2020-10-12 15:02:41 EAT,Photo,2869,124,67,1,1,13,20,2,1,,0,0,0,N/A,https://www.facebook.com/minofhealthUG/posts/3577020862347693,"Results from COVID-19 tests done on 11 October 2020 confirm 63 new cases. The cumulative cases are now 9,864. 🔸Recoveries: 6,109 🔺1 new COVID-19 death from Kampala. The total COVID-19 deaths are now 94. The breakdown of the new cases are: Contacts and alerts (63): Kampala (24), Gulu (11), Wakiso (9), Soroti (6), Masindi (3), Mbale (2), Amuru (1), Busia (1), Masaka (1), Mityana (1), Moroto (1), Ntungamo (1), Sembabule (1) and Tororo (1)",https://www.facebook.com/minofhealthUG/photos/a.920207488029057/3577019319014514/?type=3,,"THE REPU FUGANDA MINISTRY OF HEALTH DAILY COVID-19 UPDATES NEW CASES RESULTS OF 1th.0CT.2020 63 CUMULATIVE DEATHS TO-DATE 94 (1New Death) CUMULATIVE CONFIRMED CASES OF UGANDANS TO-DATE 9,864 CUMULATIVE RECOVERIES TO-DATE 6,109 TOTAL COVID-19 SAMPLES TESTED TO-DATE 508,899 (2,197 New) Wear Mask 0800-100-066 0800-203-033 Wash your Hands Keep your Distance E-mail: dghs@inlocom.co.ug Website:www.health.go.ug #STAYSAFEUG",,,,,-1.09
Ministry of Health- Uganda,minofhealthUG,767949523254855,191562,2020-10-11 16:54:27 EAT,Photo,2565,141,71,1,1,22,13,3,1,,0,0,0,N/A,https://www.facebook.com/minofhealthUG/posts/3574370539279392,"Results of COVID-19 tests done on 10 October 2020 confirm 100 new cases. The cumulative confirmed cases are now 9,801. 🔸Recoveries: 6,109. The breakdown of the new cases are; 100 contacts and alerts: Kampala (36), Abim (24), Gulu (18), Bugweri (3), Bushneyi (3), Jinja (2), Mbale (2), Adjumani (1), Bugiri (1), Buvuma (1), Iganga (1), Kumi (1), Masaka (1), Moyo (2), Napak (1), Wakiso (2) and Soroti (1)",https://www.facebook.com/minofhealthUG/photos/a.920207488029057/3574369439279502/?type=3,,"2AN THE REPL FUGANDA MINISTRY OF HEALTH COVID-19 DAILY UPDATES NEW CASES RESULTS OF 10.OCT.2020 100 CUMULATIVE DEATHS TO-DATE 93 (o New Death) CUMULATIVE CONFIRMED CASES OF UGANDANS TO-DATE 9,801 CUMULATIVE RECOVERIES TO-DATE 6,109 TOTAL COVID-19 SAMPLES TESTED TO-DATE 507,859 (2,197 New) Wear Mask 0800-100-066 0800-203-033 Wash your Hands Keep your Distance E-mail: dghs@infocom.co.ug Website:www.health.go.ug #STAYSAFEUG",,,,,-1.26
Ministry of Health- Uganda,minofhealthUG,767949523254855,191317,2020-10-10 18:31:57 EAT,Photo,6110,575,119,8,6,20,34,2,2,,0,0,0,N/A,https://www.facebook.com/minofhealthUG/posts/3571588136224299,"Results of COVID-19 tests done on 09 October 2020 confirm 163 new cases. The cumulative confirmed cases are now 9,701. 🔸Recoveries: 6,022 🔺7 new COVID-19 deaths registered; 3 from Kampala, 4 from: Mbarara, Jinja, Mbale and Masaka. The total COVID-19 deaths are now 93. The breakdown of the new cases are: Contacts and alerts (124): Kampala (26), Mbale (22), Karenga (13), Manafwa (14), Luwero (7), Tororo (9), Gulu (4), Sironko (4), Bulambuli (3), Mbarara (7), Soroti (3), Bududa (2), Lira (2), Wakiso (2), Arua (1), Buikwe (1), Butaleja (1), Jinja (1), Masaka (1) and Rubanda (1) 38 returnees from Jordan 1 truck driver: Malaba",https://www.facebook.com/minofhealthUG/photos/a.920207488029057/3571585396224573/?type=3,,"OL THE REPU MINISTRY OF HEALTH DAILY COVID-19 UPDATES NEW CASES RESULTS OF gth .OCT.2020 163 CUMULATIVE DEATHS TO-DATE 93 (7 New Deaths) CUMULATIVE CONFIRMED CASES OF UGANDANS TO-DATE 9,701 CUMULATIVE RECOVERIES TO-DATE 6,022 TOTAL COVID-19 SAMPLES TESTED TO-DATE 505,662 (2,833 New) Wear Mask 0800-100-066 0800-203-033 Wash your Hands Keop your Distance E-mail: dghs@infocom.co.ug Website:www.health.go.ug #STAYSAFEUG",,,,,1.94
Ministry of Health- Uganda,minofhealthUG,767949523254855,191317,2020-10-10 14:48:14 EAT,Native Video,53,3,1,0,0,0,0,0,1,share,1223,1339,0,02:11:44,https://www.facebook.com/minofhealthUG/posts/3571006142949165,We’re live to discuss #MentalHealth during #COVID19.,https://www.facebook.com/xannie.jones/videos/1667790726718079/,https://www.facebook.com/login/?next=https%3A%2F%2Fwww.facebook.com%2Fxannie.jones%2Fvideos%2F1667790726718079%2F,,Emmanuel,,,,-18.83
Ministry of Health- Uganda,minofhealthUG,767949523254855,191317,2020-10-10 11:02:23 EAT,Native Video,1874,336,396,143,9,38,0,0,7,original,21230,48474,0,00:01:29,https://www.facebook.com/minofhealthUG/posts/3570409329675513,Health workers from Butabika National Referral Hospital do the #JerusalemaChallenge as part of their activities to mark #WorldMentalHealthDay . Be kind to yourself. Your mental health is important. #STAYSAFEUG,https://www.facebook.com/minofhealthUG/videos/703405450559335/,https://www.facebook.com/login/?next=https%3A%2F%2Fwww.facebook.com%2FminofhealthUG%2Fvideos%2F703405450559335%2F,,Ugandan health workers do the Jerusalema Challenge.,,,,2.57
Ministry of Health- Uganda,minofhealthUG,767949523254855,191041,2020-10-09 18:59:31 EAT,Photo,4026,140,68,6,2,15,16,2,0,,0,0,0,N/A,https://www.facebook.com/minofhealthUG/posts/3568205166562596,"Results from COVID-19 tests done on 08 October 2020 confirm 96 new cases. The cumulative confirmed cases are 9,538. 🔸Recoveries: 5,857 🔺1 new COVID-19 death from Jinja. Total COVID-19 deaths are now 86. The breakdown of the new cases are: Contacts and alerts (95): Kampala (33), Soroti (18), Adjumani (6), Mityana (5), Butaleja (4), Jinja (3), Kanungu (4), Kumi (4), Buikwe (2), Bulambuli (2), Mukono (2), Rubanda (2), Wakiso (2), Busia (1), Gulu (1), Kalaki (3), Luwero (1) Mubende (1), Rakai (1) 1 returnee: from South Sudan",https://www.facebook.com/minofhealthUG/photos/a.920207488029057/3568200796563033/?type=3,,"THE REPU UBLICOF MINISTRY OF HEALTH COVID-19 DAILY UPDATES NEW CASES RESULTS OF 8th .OCT.2020 96 CUMULATIVE DEATHS TO-DATE 86 (1New Death) CUMULATIVE CONFIRMED CASES OF UGANDANS TO-DATE 9,538 CUMULATIVE RECOVERIES TO-DATE 5,857 TOTAL COVID-19 SAMPLES TESTED TO-DATE 502,829 (1,789 New) Wear Mask 0800-100-066 0800-203-033 Wash your Hands Keop your Distance E-mail: dghs@infocom.co.ug Website:www.health.go.ug #STAYSAFEUG",,,,,1.2
Ministry of Health- Uganda,minofhealthUG,767949523254855,191041,2020-10-09 09:19:50 EAT,Photo,481,30,20,3,0,0,0,0,1,,0,0,0,N/A,https://www.facebook.com/minofhealthUG/posts/3566871413362638,"Happy Independence Day, #Uganda. #UgandaAt58",https://www.facebook.com/minofhealthUG/photos/a.920207488029057/3566870933362686/?type=3,,THE EPUBLI OF UGANDA MINISTRY OF HEALTH Happy 58 ΤΗ INDEPENDENCE DAY UGANDA Oclober 9h m ঙ্ট Woar Mask Wash your Hands Keep your Distance,,,,,-6.64
Ministry of Health- Uganda,minofhealthUG,767949523254855,190453,2020-10-08 15:27:47 EAT,Photo,579,61,41,3,0,8,5,1,0,,0,0,0,N/A,https://www.facebook.com/minofhealthUG/posts/3564339430282503,"Results of COVID-19 tests done on 07 October,2020 confirm 182 new cases. The cumulative confirmed cases are now 9,442. 🔸Recoveries: 5,781 The breakdown of the new cases are: Contacts and Alerts (177): Kampala (110), Gulu (10), Moyo (9), Gomba (6), Koboko (5), Wakiso (7), Moroto (4), Soroti (4), Yumbe (4), Amuru (3), Kotido (3), Buvuma (2), Arua (1), Dokolo (1), Katakwi (1), Lamwo (1), Luwero (1), Maracha (1), Nabilatuk (1), Obongi (1), Kaberamaido (1) and Adjumani (1) 4 returnees: Saudi Arabia (1), Qatar (1), Oman (1), South Sudan (1) 1 truck driver from Mutukula Point of Entry",https://www.facebook.com/minofhealthUG/photos/a.920207488029057/3564337463616033/?type=3,,"REPU FUGANDA MINISTRY OF HEALTH DAILY COVID-19 UPDATES NEW CASES RESULTS OF 7th .OCT.2020 182 CUMULATIVE DEATHS TO-DATE 85 (o New Death) CUMULATIVE CONFIRMED CASES OF UGANDANS TO-DATE 9,442 CUMULATIVE RECOVERIES TO-DATE 5,781 TOTAL COVID-19 SAMPLES TESTED TO-DATE 501,040 Wear Mask 0800-100-066 0800-203-033 Wosh your Hands Keop your Distance E-mail: dghs@infocom.co.ug Website:www.health.go.ug #STAYSAFEUG",,,,,-5.09
Ministry of Health- Uganda,minofhealthUG,767949523254855,190453,2020-10-08 14:26:28 EAT,Photo,20730,297,67,61,3,11,1,8,7,,0,0,0,N/A,https://www.facebook.com/minofhealthUG/posts/3564173116965801,"As part of their Independence Day celebrations, Airtel Uganda has honoured and awarded the Minister for Health, Dr. Jane Ruth Aceng Ocero and the frontline medical workers for their outstanding contribution towards the fight against COVID-19. While receiving the awards, a visibly ecstatic Dr Aceng expressed her gratitude to the telecom giant for their gesture and recognition. ""I am humbled and honoured for my recognition in the fight against COVID-19. These times have been difficult but we are grateful for the private sector and Ugandans for coming together"" she remarked. Dr Aceng also commended the frontline medical workers for a job well done in responding to the COVID-19 pandemic and ensuring that the population is safe and healthy. ""Uganda has been put on the map yet again as one of the 10 best performing countries in suppressing the transmission of COVID-19 and the best in Africa. This would not have been possible without the efforts of my teams who have invested sleepless nights, hard work and commitment"" she added. The Ministry of Health appreciates the support from Airtel Uganda towards improving health service delivery.",https://www.facebook.com/minofhealthUG/photos/a.802441493138991/3564170443632735/?type=3,,,Photos from Ministry of Health- Uganda's post,,,,5.96
Ministry of Health- Uganda,minofhealthUG,767949523254855,190453,2020-10-08 12:39:29 EAT,Photo,14238,155,55,22,6,8,1,2,2,,0,0,0,N/A,https://www.facebook.com/minofhealthUG/posts/3563908960325550,"The COVID-19 response has been boosted with 5 brand new fully equipped type B ambulances from SICPA HOLDING While receiving the ambulances, the Minister for Health, Dr. Jane Ruth Aceng Ocero commended the gesture from SICPA in strengthening emergency medical services, adding that this donation will significantly boost home based care for COVID-19 patients. “As we begin home based care, there’s more need to pick up cases as they progress from moderate to severe as quickly as possible and bring them to isolation centers. There’s no better vehicle to do this than the ambulances that are meant exactly for that” she added. The ambulances are a gesture of love and partnership to strengthen the COVID-19 response and overall emergency services in the country” ~ Dr. Diana Atwine.",https://www.facebook.com/minofhealthUG/photos/a.802441493138991/3563906240325822/?type=3,,,Photos from Ministry of Health- Uganda's post,,,,4.08
